2,(ghost)_riders_in_the_sky_‚Äì_johnny_cash.csv
222,1930's_music.csv
2,1_song.csv
2,1_song_standup_1_song.csv
42,2019-09-17_download_these.csv
2,2020-05-03_fun_light_summery_music.csv
2,2021-05-04_latest_newly_discovered_heard.csv
8,2021-08-30_never_listened_to.csv
2,2021-12-11_newly_heard.csv
6,20s_30s_happy_music.csv
64,60s_martini_lounge_music.csv
128,70's_rock_(top_100).csv
136,70s_lite_rock_radio.csv
101,70s_road_trip.csv
101,70s_summer_rock.csv
4,_download.csv
52,acoustic_guitar.csv
67,acustic_cover_hits.csv
2,ages_and_ages.csv
3,alarm_ocean_surf.csv
3,allah_hoo.csv
2,ambient.csv
33,ambient_music_therapy_‚Äì_ambient_music_therapy.csv
11,anna_thompson_‚Äì_deep_sleep_hypnosis_with_binaural_delta_waves.csv
2,ataraxia.csv
1,audible.csv
104,autumn_jazz_.csv
30,baby_driver_music_from_the_motion_picture.csv
70,bach_strings.csv
4,bad_plus_my_favorites.csv
51,baklava_lover_radio.csv
187,beach_vibes_üå¥_summertime_hits_2022.csv
81,beats_to_think_to.csv
16,bednark_rob_-_tommy.csv
2,best_bass_lines.csv
2,best_produced_songs.csv
101,big_band_jazz_favorites.csv
97,billboard_hot_100.csv
8,binaural_beats_‚Äì_binaural_beats.csv
5,binaural_beats_‚Äì_the_definitive_collection_of_binaural_beats_frequencies_for_meditation_(delta_waves).csv
9,bird_songs.csv
1,blake.csv
17,bluegrass_fiddle_by_matt_glaser_-_all_instr_tunes.csv
29,bluegrass_fiddle_by_matt_glaser_-_all_tunes_with_fiddle_vocal_and_instr.csv
13,bluegrass_fiddle_by_matt_glaser_-_all_vocal_tunes.csv
140,blues_harmonica.csv
21,bob_dylan_5_7_19.csv
51,bob_haring_and_his_orchestra_radio.csv
107,bossa_nova_dinner.csv
10,brain_snacks.csv
19,brandenburg_concertos.csv
29,brian_eno_john_cale_and_daniel_padden.csv
51,cab_calloway_radio.csv
75,cafeÃÅ_de_paris.csv
51,caithness_radio.csv
74,calm_cello_music.csv
51,cast_your_fate_to_the_wind_radio.csv
1070,celtic_harp_&_flute_cello_&_vocals‚Äî_featuring_adagio_trio.csv
48,celtic_harp_soundscapes_‚Äì_celtic_harp_and_traditional_irish_music.csv
92,chinese.csv
268,chinese_japanese_flute_&_strings_meditation.csv
87,christmas_cocktail_jazz.csv
101,classic_acoustic.csv
14,classical.csv
346,classical_string_quartets.csv
2,close_to_home_-_favorites.csv
2,close_to_home_-_fiddle_pieces.csv
2,close_to_home_-_harmonica.csv
13,combustible_edison_‚Äì_i_swinger.csv
14,combustible_edison_‚Äì_the_impossible_world.csv
65,cozy_christmas_jazz.csv
51,crash_marble_radio.csv
154,crooners_50's_.csv
67,dance.csv
2,dance_bolero.csv
2,dance_foxtrot.csv
2,dance_merengue.csv
2,dance_samba.csv
3,dance_west_coast_swing.csv
11,dave_brubeck.csv
31,discover_weekly.csv
31,dog_music_relaxing_music_for_dogs_and_pets_and_calm_sleeping_music_for_dogs_and_acoustic_guitar_music_for_relaxation.csv
76,downloaded_11_13_21.csv
10,dr_michael_olpin_‚Äì_stress_relief_deep_relaxation_exercises.csv
65,dreaming_of_a_whimsical_fairytale.csv
2,drums_joe_morello.csv
25,erhu_sleep_music.csv
1,eric_-_car.csv
51,everybody_eats_when_they_come_to_my_house_radio.csv
6,famous_fiddlin'_tunes_-_my_favorites.csv
6,favorite_instrumentals.csv
1,favorites_-_bobby_darin.csv
10,favorites_-_dancing.csv
1,favorites_-_drumming.csv
12,favorites_-_fiddle.csv
1,favorites_-_glen_velez.csv
2,favorites_-_instrumentals.csv
17,favorites_-_play_on_violin.csv
1,favorites_-_trance_planet_1.csv
1,favorites_-_tv_shows.csv
1,favorites_9_2_2003.csv
1,favorites_jazz.csv
2,favorites_now.csv
35,fiddle_-_instrumental_favorites.csv
3,fiddle_-_like_the_fiddle_sound.csv
8,fiddle_-_listen_to_learn.csv
5,fiddle_-_repeat_back_up_and_push.csv
24,fiddle_-_songs_i_play_on_fiddle.csv
2,fiddle_-_songs_with_fiddle_in_them.csv
15,fiddle_-_vocal_favorites.csv
6,fiddle_easy_with_chords.csv
96,flute_music.csv
51,flute_partita_in_a_minor_bwv_1013_i_allemande_radio.csv
2,focus.csv
1,foreign_songs_favorites.csv
1,foreign_songs_other.csv
1,foreign_songs_trancelike.csv
1,foreign_songs_upbeat.csv
142,french_accordion.csv
2,fun_zone_‚Äì_weird_al_yankovic.csv
51,gaspard_de_la_nuit_m_55_i_ondine_radio.csv
2,genre_klezmer.csv
23,gentle_jazz.csv
8,gentle_vocals.csv
5,girl_from_ipanema.csv
1,global_meditation_categorize.csv
1,global_meditation_instrumental.csv
1,global_meditation_vocal.csv
101,good_morning_jazz.csv
41,guardians_of_the_galaxy_1_&_2_soundtrack.csv
3,guided_imagery_hypnosis_hypnotherapy_lucid_dreaming.csv
5,halloween.csv
101,happy_jazz!.csv
252,happy_songs_‚ò∫_(80s_90s_2000s_2010s_&_2020s)_‚ò∫_best_happy_mood_.csv
2,happy_upbeat_tracks.csv
4,harmonica_blues.csv
87,harry_potter.csv
1,headbob.csv
2,heart_&_soul_‚Äì_1940s_music.csv
2,heart_of_the_country_-_remastered_2012_‚Äì_paul_mccartney.csv
1,henry_mancini_-_vocals.csv
16,henry_mancini_‚Äì_breakfast_at_tiffany's_(50th_anniversary_edition).csv
4,hocus_pocus.csv
2,honky_tonk_women_‚Äì_the_rolling_stones.csv
75,hot_club_swing.csv
5,i_got_the_sun_in_the_morning.csv
328,instrumental.csv
1,instrumental_ambient.csv
116,instrumentals.csv
1,instrumentals_(christmas).csv
1,instrumentals_-_favorite_classical.csv
1,instrumentals_-_henry_mancini.csv
1,instrumentals_asian_classical.csv
1,instrumentals_medium_neither_soft_nor_energetic_walking.csv
1,instrumentals_my_favorites.csv
1,instrumentals_new_age.csv
1,instrumentals_playful_light_mozarty.csv
1,instrumentals_sad_desolate.csv
8,instrumentals_sweet_soft_soothing_gentle_tranquil_pretty.csv
1,instrumentals_trance_planet.csv
1,instrumentals_upbeat.csv
29,invoca_pump_up_songs.csv
62,invocan_beats.csv
129,italian_accordion.csv
51,jan_garber_radio.csv
51,java_radio.csv
5,jazz.csv
201,jazz_for_study.csv
94,jazz_guitar_trios.csv
51,kothbiro_radio.csv
9,koyasan_reiki_sound_healing.csv
6,kyle_craft.csv
51,la_chapelle_au_clair_de_lune_radio.csv
5,lacey_block_--_favorite_taylor_swift.csv
101,late_night_jazz.csv
64,latin_jazz_&_bossa_nova.csv
10,laugh_out_loud.csv
369,lazy_jazz_cat.csv
574,liked.csv
13,liked_from_radio.csv
17,linus_&_lucy_-_the_music_of_vince_guaraldi.csv
38,listen_to_(haven't_heard_yet).csv
625,lounge-ambient-downtempo.csv
22,love_is_blue.csv
43,marc_rebillet's_suggestions.csv
17,master_of_traditional_chinese_music_collection_of_liu_beimaos_famous_pieces.csv
15,michael_j_emery_‚Äì_advanced_sports_imagery_for_athletes_i_-_use_nlp_and_guided_imagery_to_harness_athletic_peak_performance.csv
21,midnight_in_paris.csv
1,midnight_vultures_sample.csv
5,mind_massage.csv
10,minute_meditations_guided_imagery_meditations_to_relieve_stress_&_enhance_wellness_by_jane_pernotto_ehrman.csv
15,most_relaxing_songs_ever.csv
2,movie-lyrics-with-music.csv
4,movies.csv
14,mr_rogers_neighborhood.csv
41,music_from_the_golden_age_of_dance_bands.csv
51,music_to_watch_girls_by_radio.csv
2,my_shazam_tracks.csv
61,nature_and_music.csv
41,nature_sounds.csv
38,never_on_a_sunday.csv
2,old_jazz.csv
2,old_style_that_i_like_(from_amelie).csv
34,om_-_tibetan_relaxation_‚Äì_om_tibetan_gongs_bowls_om_chanting_and_music_for_deep_meditation.csv
51,papa_chajes_radio.csv
425,paris_cafe_jazz.csv
513,parisian_cafe.csv
51,partita_in_a_minor_for_solo_flute_bwv_1013_i_allemande_radio.csv
4,partita_in_a_minor_for_solo_flute_bwv_1013_i_allemande_‚Äì_johann_sebastian_bach.csv
12,paul_desmond_bossa_antigua.csv
6,paul_simon_5_7_19.csv
2,po'_boy_‚Äì_bob_dylan_2.csv
2,podcast_episodes_-_listen_later.csv
43,positive_thinking_music_to_develop_a_complete_meditation_mindset_for_yoga_deep_sleep_‚Äì_positive_thinking_music_to_develop_a_complete_meditation_mindset_for_yoga_deep_sleep_learn_to_relax_weigh_.csv
2,pure_imagination.csv
51,raining_in_osaka_radio.csv
169,rainy_day_jazz.csv
2051,really_fantastic_songs_(and_that's_the_truth).csv
1,repeat_this_1_song.csv
51,rhythm_of_love_radio.csv
41,river.csv
9,rob_-_2012-11-03.csv
13,rob_-_easy_60's.csv
4,rob_-_nature_sounds_-_work_2021-08-13.csv
4,rob_2019-09-06_paul_mccartney.csv
4,rob_gentle_jazz.csv
5,rob_jazz_favorites.csv
8,rob_the_who_-_live_at_leeds.csv
232,rock_hits_‚ö°Ô∏è.csv
51,rum_and_coca-cola_-_1944_single_version_radio.csv
136,sara.csv
20,sara_exercise.csv
51,savage_serenade_radio.csv
2,self_confidence_hypnosis_‚Äì_guided_imagery_for_deep_relaxation_hypnosis_training.csv
3,sex_education_favorites.csv
116,sex_education_soundtrack_netflix_season_1_&_2_.csv
3,shazam-identified.csv
51,si_tu_vois_ma_meÃÄre_radio.csv
251,simpsons_wave.csv
106,simpsons_wave_chill.csv
513,soft_background_musicüé∂.csv
2,solsbury_hill_‚Äì_peter_gabriel.csv
8,soothing_instrumental.csv
25,sounds_of_nature_white_noise_for_mindfulness_meditation_and_relaxation_‚Äì_bath_time_-_relaxing_music_and_nature_sounds_for_pure_relaxation.csv
51,spaceman_radio.csv
137,spring_jazz.csv
275,standup.csv
10,standup_-_invoca_(played).csv
25,study_jazz_(upbeat).csv
501,study_lofi_üìö.csv
2,sugar_mama.csv
10,tag_meditative.csv
2,tag_unsaved.csv
566,tag_untagged.csv
4,take_five_&_unsquare_dance.csv
93,ted_lasso_music_s1-2.csv
1,temp_instrumentals_with_playcount_0.csv
2,the_avatar's_love.csv
51,the_bad_plus_radio.csv
254,the_beatles.csv
21,the_chordettes_‚Äì_the_chordettes_greatest_hits.csv
16,the_chordettes_‚Äì_vintage_vocal_jazz_swing_no_154_-_lp_the_chordettes_a_capella.csv
51,the_revelers_radio.csv
35,the_roaring_20s.csv
51,theme_from_a_summer_place.csv
51,theme_from_a_summer_place_radio.csv
46,this_is_dave_brubeck.csv
75,tibetan_bowls.csv
51,tijuana_taxi_radio.csv
2,tom_waits.csv
1,trance_planet_all.csv
1,trance_planet_vocals.csv
66,trance_planet_vol_1_-_4.csv
1,tv_shows_-_instrumentals.csv
1,tv_shows_-_name_this_tune.csv
1,tv_shows_-_very_favorites.csv
1,tv_shows_-_vocals.csv
1,tv_shows_i_know.csv
9,upbeat_positive_happy_2020-10-14.csv
2,various_artists_‚Äì_american_hustle_(original_motion_picture_soundtrack)_2.csv
21,various_artists_‚Äì_midnight_in_paris_-_featuring_the_music_of_cole_porter_sidney_bechet_django_reinhardt_and_more.csv
15,various_artists_‚Äì_songs_from_woody_allen'_films.csv
16,various_artists_‚Äì_the_forest_chill_lounge_(deep_ambient_chillout_lounge_electronic_downbeat_moods).csv
51,victor_arden_&_phil_ohman_radio.csv
6,victor_borda_avahara.csv
113,violin_pieces.csv
1,vocals.csv
1,vocals_favorites.csv
1,vocals_foreign.csv
1,vocals_jazz.csv
1,vocals_soothing_beautiful.csv
1,vocals_trancelike.csv
51,walk_like_a_pygmy_radio.csv
26,weird_al_strings_attached_2019_setlist.csv
266,wellbeing_zone_‚Äì_tibetan_bells_tibetan_bowls_tranquility_gong_bath_sound_buddhist_wisdom_serenity_asian_meditation_zen_garden_tao_music.csv
150,west_coast_chill.csv
16,white_noise_therapy_‚Äì_white_noise_therapy_vol_2.csv
10,winchester_cathedral.csv
7,world_spiritual_massage_trance.csv
76,yacht_rock.csv
21,yann_tiersen_‚Äì_amelie_from_montmartre.csv
105,yellow_bird.csv
17,zoo_animal_sounds.csv
55,‚≠êÔ∏è_rob's_trip_list.csv
3509,‚≠êÔ∏è_rob_bednark's_big_playlist_‚≠êÔ∏è.csv
22025,total
