"Track URI","Track Name","Artist URI(s)","Artist Name(s)","Album URI","Album Name","Album Artist URI(s)","Album Artist Name(s)","Album Release Date","Album Image URL","Disc Number","Track Number","Track Duration (ms)","Track Preview URL","Explicit","Popularity","ISRC","Added By","Added At"
"spotify:track:5EuEohyUumOrTtV8IeicKy","I Stumbled over You","spotify:artist:5kCKFX6zTa94ggHaAtAdrR","Victor Arden & Phil Ohman","spotify:album:4O4sQCbiWlYoI3XVRWfgNf","Dance Bands Hits of the 30's & 40's","spotify:artist:0LyfQWJT6nXafLPZqxe9Of","Various Artists","2013-02-07","https://i.scdn.co/image/ab67616d0000b2731abbc5f0af10d0ecfe649184","1","9","169001","https://p.scdn.co/mp3-preview/ed7253dfa25718e46db88e2f36191528c6ebda0a?cid=9950ac751e34487dbbe027c4fd7f8e99","false","4","NLB031300037","spotify:user:","1970-01-01T00:00:00Z"
"spotify:track:2GzcF2yzPbho8JHQzkPL90","Yes She Do (No She Doesn't)","spotify:artist:58QmjBTIOwXVHD2oWzNkQF","California Ramblers","spotify:album:4YUK7tayeaHbrsRYDxxIkJ","Roaring Twenties","spotify:artist:58QmjBTIOwXVHD2oWzNkQF","California Ramblers","2020-10-29","https://i.scdn.co/image/ab67616d0000b273b56486825c37e695fadbe5f1","1","15","163133","https://p.scdn.co/mp3-preview/ddd672a1097fa8540e3dda303682f0307a1a98f0?cid=9950ac751e34487dbbe027c4fd7f8e99","false","21","AUXN22094322","spotify:user:","1970-01-01T00:00:00Z"
"spotify:track:2M83N33wfpOyQPm3JtKL4t","Dixieland Instrumental Jazz","spotify:artist:6k8QWZqg6YrVsPxv8Wl8Se","New Orleans 1920s Jazz","spotify:album:4NJhpYo2AwUpNQKuNXcdkt","1920s Dixieland Jazz Background","spotify:artist:6k8QWZqg6YrVsPxv8Wl8Se","New Orleans 1920s Jazz","2019-10-02","https://i.scdn.co/image/ab67616d0000b273e3fc71a50d84c3fa4e784a7e","1","4","90812","https://p.scdn.co/mp3-preview/64184ebef6d29051b6d8930c5ae485cabe77d4bd?cid=9950ac751e34487dbbe027c4fd7f8e99","false","12","GBSMU6970819","spotify:user:","1970-01-01T00:00:00Z"
"spotify:track:0woE0dUaUbPbGtqFYDJ6G2","Washin' the Blues from My Soul","spotify:artist:46Zxq2wQhRKm3AUKKbGzC0","Russell Brown And His Orchestra","spotify:album:7AYzb6p5PBI2EczuO6xqHV","The Big Broadcast, Vol. 3: Jazz and Popular Music of the 1920s and 1930s","spotify:artist:0LyfQWJT6nXafLPZqxe9Of","Various Artists","2007","https://i.scdn.co/image/ab67616d0000b273c2f98c62d1623090dcc9b295","1","8","186120","https://p.scdn.co/mp3-preview/7597fe9c740b3dd5efda8f42c724d26dbfe9679a?cid=9950ac751e34487dbbe027c4fd7f8e99","false","9","US6R21320857","spotify:user:","1970-01-01T00:00:00Z"
"spotify:track:1RMt2IJ73eUW06nTqHjEgS","Say It Isn't So","spotify:artist:0rEBOEWe1XZ9M1tKAOjvbj","Rudy Vallee and His Connecticut Yankees","spotify:album:6PiZzTyHDSS6GlI2NGao1I","Old Man Harlem (1931 - 1933)","spotify:artist:0rEBOEWe1XZ9M1tKAOjvbj","Rudy Vallee and His Connecticut Yankees","2012","https://i.scdn.co/image/ab67616d0000b273072f534eba92564e61b40ffe","1","5","219986","https://p.scdn.co/mp3-preview/ebb87f4ba8c58476f24c522a50e462373f9a1547?cid=9950ac751e34487dbbe027c4fd7f8e99","false","27","DEBL61298718","spotify:user:","1970-01-01T00:00:00Z"
"spotify:track:5hCJR1ikxjKpbOiRICumY0","Ballet Sketch","spotify:artist:1zdmzXgmttDoClhahiCPts","Joseph Engleman","spotify:album:01TIz2hzP72eqGFkkBIIj3","Vintage: The Age of Elegance","spotify:artist:0LyfQWJT6nXafLPZqxe9Of","Various Artists","2016-10-07","https://i.scdn.co/image/ab67616d0000b273d9b5b520bc564acb605ce885","1","28","89287","https://p.scdn.co/mp3-preview/6b152702691bf0ce58475f3504e1ed43b3caa662?cid=9950ac751e34487dbbe027c4fd7f8e99","false","11","QMGXA1418566","spotify:user:","1970-01-01T00:00:00Z"
"spotify:track:3dOK24ZvLOlPjYktKZbckJ","Between The Devil And The Deep Blue Sea","spotify:artist:5SguMzNsojVk03s64Ggzad","Helen Forrest","spotify:album:3vTbzq3jHCEXLC5PbniHbK","Helen Forrest: The Complete World Transcriptions","spotify:artist:5SguMzNsojVk03s64Ggzad","Helen Forrest","2004","https://i.scdn.co/image/ab67616d0000b27399a5b990a6c6ef3c157ff99d","2","25","120975","https://p.scdn.co/mp3-preview/cbca78a52ee6373e3942d82ff3a4530f47d29cdf?cid=9950ac751e34487dbbe027c4fd7f8e99","false","18","US53D0414541","spotify:user:","1970-01-01T00:00:00Z"
"spotify:track:5a7J6ZcfiJKb9awAnGl1qJ","Castle of Dreams","spotify:artist:2bY3IduGK03YI2vZpE1vJG, spotify:artist:2RLpFsSPsiB1LKXcDVac4Q, spotify:artist:0vbIVXZdXBBmEdKkIFdGxA","Glen Gray, Casa Loma Orchestra, Kenny Sargent","spotify:album:7s4Ms9y57pFkdkHkKsBOSv","1940","spotify:artist:2bY3IduGK03YI2vZpE1vJG, spotify:artist:2RLpFsSPsiB1LKXcDVac4Q","Glen Gray, Casa Loma Orchestra","1983","https://i.scdn.co/image/ab67616d0000b2737e3dbfd95d2e46bfbd1ba800","1","7","159226","https://p.scdn.co/mp3-preview/236fff4dbcc291d94558009f2845f048ead2cdd3?cid=9950ac751e34487dbbe027c4fd7f8e99","false","2","USC9R8306107","spotify:user:","1970-01-01T00:00:00Z"
"spotify:track:4LaWGvzm6a2bbS0fswpn2e","Sugar","spotify:artist:5d1TErL619HO0t14nHxHuy","Adrian Rollini","spotify:album:0jUwkg1H4cHZDXCCNLWfzU","1934-1938","spotify:artist:5d1TErL619HO0t14nHxHuy","Adrian Rollini","2007-05-30","https://i.scdn.co/image/ab67616d0000b2733d602e046145e070486cb304","1","2","174386","https://p.scdn.co/mp3-preview/26fa910c5e0349a19dfa521ad36845a28a26261d?cid=9950ac751e34487dbbe027c4fd7f8e99","false","23","NLB150400119","spotify:user:","1970-01-01T00:00:00Z"
"spotify:track:5qfuMfQRv3jHMmOGrTRncy","Vo-Do-Do-De-O Blues","spotify:artist:58QmjBTIOwXVHD2oWzNkQF","California Ramblers","spotify:album:4YUK7tayeaHbrsRYDxxIkJ","Roaring Twenties","spotify:artist:58QmjBTIOwXVHD2oWzNkQF","California Ramblers","2020-10-29","https://i.scdn.co/image/ab67616d0000b273b56486825c37e695fadbe5f1","1","17","190960","https://p.scdn.co/mp3-preview/40819340b7e66a05d2f5926ae49110356268143b?cid=9950ac751e34487dbbe027c4fd7f8e99","false","15","AUXN22094324","spotify:user:","1970-01-01T00:00:00Z"
"spotify:track:4K4xzGxNbRtCCZRMQh0ZY1","For Dancers Only","spotify:artist:18jtZOrx6tBZJkNqlYVziV","Doug Aiton","spotify:album:7gK6nwJcf2XzD9yo09QceY","Jazz Favourites, Vol. 2","spotify:artist:18jtZOrx6tBZJkNqlYVziV","Doug Aiton","1997","https://i.scdn.co/image/ab67616d0000b273a9ab36c8218a795dad1a1231","1","3","166426","https://p.scdn.co/mp3-preview/53145c6f3d40455fc970f49d2fbda73be48c572e?cid=9950ac751e34487dbbe027c4fd7f8e99","false","14","AUOM01901563","spotify:user:","1970-01-01T00:00:00Z"
"spotify:track:0GJwC9BVSUqxAqxee3dgn8","I Know Why","spotify:artist:7yJ74d8IUMgW1u8CHgxU6U","Members Of The Glenn Miller Orchestra","spotify:album:1hB6zi9XTmUDoxTOG6xyhn","The Big Band Era , Volume 8 - The Passing Of An Era","spotify:artist:0LyfQWJT6nXafLPZqxe9Of","Various Artists","1978","https://i.scdn.co/image/ab67616d0000b273804f5824b47ad4f3aa993de9","1","12","167440","https://p.scdn.co/mp3-preview/9d41ebd1acbe5bc96f08f624db339ceff16188b3?cid=9950ac751e34487dbbe027c4fd7f8e99","false","17","USA560974369","spotify:user:","1970-01-01T00:00:00Z"
"spotify:track:4RlMNxCvWwFeSRdSfnbUVG","Palesteena (1920)","spotify:artist:112yP6AwAT6QG34fiGGpmh","Original Dixieland Jazz Band","spotify:album:0jG45TXuXYhtcNxdbtrJrS","One-Step - Early Jazz Recordings","spotify:artist:112yP6AwAT6QG34fiGGpmh","Original Dixieland Jazz Band","2021-04-30","https://i.scdn.co/image/ab67616d0000b2731838eadab2d8de81bdfa8a0c","1","19","167226","https://p.scdn.co/mp3-preview/8dfdbf4f5c70985b158f951ab031f0454403c9bb?cid=9950ac751e34487dbbe027c4fd7f8e99","false","13","AUXN22150526","spotify:user:","1970-01-01T00:00:00Z"
"spotify:track:5Zh5S7Z4BGpdvbLCJnuuxR","A Lover's Lullaby (Twilight Reverie)","spotify:artist:2bY3IduGK03YI2vZpE1vJG, spotify:artist:2RLpFsSPsiB1LKXcDVac4Q","Glen Gray, Casa Loma Orchestra","spotify:album:2Ghed2rw5J7LyuA0PdmTBc","Mostly 1939","spotify:artist:2bY3IduGK03YI2vZpE1vJG, spotify:artist:2RLpFsSPsiB1LKXcDVac4Q","Glen Gray, Casa Loma Orchestra","1990","https://i.scdn.co/image/ab67616d0000b273020bdfea143698472bd67de1","1","6","185733","https://p.scdn.co/mp3-preview/6c94602576b4ca54e4afc349ca30823b89eb154b?cid=9950ac751e34487dbbe027c4fd7f8e99","false","20","USC9R9003606","spotify:user:","1970-01-01T00:00:00Z"
"spotify:track:0HnP7biDJAh7JlZJFaOb67","There'll Be a Hot Time in the Town of Berlin","spotify:artist:2KSxJY1WxGGVYSmoM0N54P","Woody Herman","spotify:album:2Z1RgkIhU16jBCaGRa6ONa","125th Street Prophet","spotify:artist:2KSxJY1WxGGVYSmoM0N54P","Woody Herman","1946","https://i.scdn.co/image/ab67616d0000b273f6ffb7b9b98313adb4ba561e","1","18","165792","https://p.scdn.co/mp3-preview/7973c3c4828bf6603e80a0426aeccf73ca875869?cid=9950ac751e34487dbbe027c4fd7f8e99","false","18","GBXHC2039324","spotify:user:","1970-01-01T00:00:00Z"
"spotify:track:46t3kYRsDTgcsHX6x0MVmc","1940""s Medley","spotify:artist:2xPltgH4q1MBY53IeBKTss","The String of Pearls Orchestra","spotify:album:4lNsXeGGhlONnJJLLwbGOZ","Limitless Jazz, Vol. 22","spotify:artist:0LyfQWJT6nXafLPZqxe9Of","Various Artists","2021-06-03","https://i.scdn.co/image/ab67616d0000b273d723704ae6fb33b0167b4df0","1","8","164226","https://p.scdn.co/mp3-preview/ceec48f123d915531d75f89f781d5f1753f0d822?cid=9950ac751e34487dbbe027c4fd7f8e99","false","23","USLZJ2196930","spotify:user:","1970-01-01T00:00:00Z"
"spotify:track:3LaQk3yUwCuhX6GTrU34qG","Double Check Stomp","spotify:artist:1gsQNuSa1ymxLkrbOl4W2A","The Jungle Band","spotify:album:65j8DZA5kEu6QfsFL4vmOv","Early Ellington: The Complete Brunswick And Vocalion Recordings 1926-1931","spotify:artist:4F7Q5NV6h5TSwCainz8S5A","Duke Ellington","1994-01-01","https://i.scdn.co/image/ab67616d0000b273386604f42be1dcc162639114","3","7","173933","https://p.scdn.co/mp3-preview/4d5e5424d96c2cd339a9ce97fabee2dc932b63dc?cid=9950ac751e34487dbbe027c4fd7f8e99","false","16","USMC13032612","spotify:user:","1970-01-01T00:00:00Z"
"spotify:track:3uBwf9SHmWbzEVUktRI13p","Who?","spotify:artist:5rLXOYqozyD8yKDqhDJatD","Jack Buchanan","spotify:album:503DZOaP8AGtR4awJBMGBB","Those Thirties...Everything Stops for Tea","spotify:artist:1105RWRWaK4lE5dyRPH4XF, spotify:artist:5rLXOYqozyD8yKDqhDJatD, spotify:artist:62eZSWyh1Mo5lZDht51VMx","Jack Buchanan and Jessie Matthews, Jack Buchanan, Jessie Matthews","2013-10-15","https://i.scdn.co/image/ab67616d0000b273f8e2352d4fbe3267234bea38","1","18","80979","https://p.scdn.co/mp3-preview/20ced2c25483b91266cc9935635b363ec6d28835?cid=9950ac751e34487dbbe027c4fd7f8e99","false","10","GBELT1226222","spotify:user:","1970-01-01T00:00:00Z"
"spotify:track:1n878f8XeUUYFWrjTPlxBH","Blue Moon","spotify:artist:037LqLNDfDvFupasyqgreK","Glen Gray & The Casa Loma Orchestra","spotify:album:1BBtXYsgcyuNOjy8CVF5pG","The Big Broadcast, Volume 6: Jazz and Popular Music of the 1920s and 1930s","spotify:artist:0LyfQWJT6nXafLPZqxe9Of","Various Artists","2010","https://i.scdn.co/image/ab67616d0000b2734e7b3617e8c05c5597938660","1","19","192133","https://p.scdn.co/mp3-preview/1757a25717f501e68cdafd53a6221da1a34fab1d?cid=9950ac751e34487dbbe027c4fd7f8e99","false","30","USV351316625","spotify:user:","1970-01-01T00:00:00Z"
"spotify:track:4qkOwbN8aO9swAVUZJyhve","If I Had My Way","spotify:artist:2bY3IduGK03YI2vZpE1vJG, spotify:artist:2RLpFsSPsiB1LKXcDVac4Q, spotify:artist:0vbIVXZdXBBmEdKkIFdGxA","Glen Gray, Casa Loma Orchestra, Kenny Sargent","spotify:album:2Ghed2rw5J7LyuA0PdmTBc","Mostly 1939","spotify:artist:2bY3IduGK03YI2vZpE1vJG, spotify:artist:2RLpFsSPsiB1LKXcDVac4Q","Glen Gray, Casa Loma Orchestra","1990","https://i.scdn.co/image/ab67616d0000b273020bdfea143698472bd67de1","1","16","157533","https://p.scdn.co/mp3-preview/431020ad84d9dfa8b0305312737573ebbc297035?cid=9950ac751e34487dbbe027c4fd7f8e99","false","20","USC9R9003616","spotify:user:","1970-01-01T00:00:00Z"
"spotify:track:6SgL0owR0WeDalCMFoexQ8","Dreamy Lullaby","spotify:artist:2UkFVncNilRP2Sc96X2Oj1","Lee Jacobs","spotify:album:01TIz2hzP72eqGFkkBIIj3","Vintage: The Age of Elegance","spotify:artist:0LyfQWJT6nXafLPZqxe9Of","Various Artists","2016-10-07","https://i.scdn.co/image/ab67616d0000b273d9b5b520bc564acb605ce885","1","19","170684","https://p.scdn.co/mp3-preview/b1620bf8c294fb7596a7613fd642b61a46110177?cid=9950ac751e34487dbbe027c4fd7f8e99","false","8","QMGXA1418556","spotify:user:","1970-01-01T00:00:00Z"
"spotify:track:11ZNkaj8LVfp1yvsJiZ7A2","Let's Put Out the Lights","spotify:artist:0rEBOEWe1XZ9M1tKAOjvbj","Rudy Vallee and His Connecticut Yankees","spotify:album:6PiZzTyHDSS6GlI2NGao1I","Old Man Harlem (1931 - 1933)","spotify:artist:0rEBOEWe1XZ9M1tKAOjvbj","Rudy Vallee and His Connecticut Yankees","2012","https://i.scdn.co/image/ab67616d0000b273072f534eba92564e61b40ffe","1","7","223746","https://p.scdn.co/mp3-preview/fab6a09bf021472e6b48c8970315d54c8e79db28?cid=9950ac751e34487dbbe027c4fd7f8e99","false","25","DEBL61298720","spotify:user:","1970-01-01T00:00:00Z"
"spotify:track:1MBtVG9uZ2ODiJanIqJi1i","Temptation (Tim-Tayshun)","spotify:artist:1Jqk46QvzUn7SnwmTGX6Cw, spotify:artist:6aBVycv6odHnBGzXRViPtS","Jo Stafford, Red Ingle & Natural Seven","spotify:album:5Jyf89T51jxOWmX6sEHhM1","The Ultimate Capitol Collection","spotify:artist:1Jqk46QvzUn7SnwmTGX6Cw","Jo Stafford","2007-01-01","https://i.scdn.co/image/ab67616d0000b27378541856ab0a9f05ae6d83c6","1","6","162893","https://p.scdn.co/mp3-preview/0c34237f58fe77ef5a98fe91f4722549ee5f69a9?cid=9950ac751e34487dbbe027c4fd7f8e99","false","16","USCA29102055","spotify:user:","1970-01-01T00:00:00Z"
"spotify:track:3325HI6PeLEDAz8KtHQo8x","Says My Heart","spotify:artist:6TDBjaKrCj3BvbxhiUSbog, spotify:artist:0LyTHMstvqKiSoqdnnjqix","Red Norvo, Mildred Bailey","spotify:album:2MEwVk5zXqkn6FQp6GXtBT","Mr.Swing","spotify:artist:6TDBjaKrCj3BvbxhiUSbog","Red Norvo","2021-06-11","https://i.scdn.co/image/ab67616d0000b273cafb474ec5f3b95d5e720407","1","9","176200","https://p.scdn.co/mp3-preview/84c1d499076ffc245f4cca5aae6f476726e1d4cf?cid=9950ac751e34487dbbe027c4fd7f8e99","false","19","NLHR52104144","spotify:user:","1970-01-01T00:00:00Z"
"spotify:track:1rzfl03aynQFwxHIbzCrVY","Swing Kings","spotify:artist:2baW0IqDqdV2IMP5hqKHz5, spotify:artist:40BAMIVirs1YVjA0BUXgrQ","Keith Nichols, Matthias Seuffert","spotify:album:4MrQWN5XCTJwg7AX2dUhTA","Roads to War (1933-1945) Part 1","spotify:artist:0LyfQWJT6nXafLPZqxe9Of","Various Artists","1999-07-22","https://i.scdn.co/image/ab67616d0000b2731dc5ed18d8eb5833a5dc3f82","1","12","144680","https://p.scdn.co/mp3-preview/73ab633c92208acaf11dd0bf1c585fefa3325083?cid=9950ac751e34487dbbe027c4fd7f8e99","false","16","GBBGL9901296","spotify:user:","1970-01-01T00:00:00Z"
"spotify:track:36PN2QCDRG8pwiMt6k3J2I","Tumbling Tumbleweeds","spotify:artist:2bY3IduGK03YI2vZpE1vJG, spotify:artist:2RLpFsSPsiB1LKXcDVac4Q, spotify:artist:0vbIVXZdXBBmEdKkIFdGxA","Glen Gray, Casa Loma Orchestra, Kenny Sargent","spotify:album:2Ghed2rw5J7LyuA0PdmTBc","Mostly 1939","spotify:artist:2bY3IduGK03YI2vZpE1vJG, spotify:artist:2RLpFsSPsiB1LKXcDVac4Q","Glen Gray, Casa Loma Orchestra","1990","https://i.scdn.co/image/ab67616d0000b273020bdfea143698472bd67de1","1","7","190600","https://p.scdn.co/mp3-preview/71596a978248fc81376a76a8bc9ecaf01e1e5e8e?cid=9950ac751e34487dbbe027c4fd7f8e99","false","20","USC9R9003607","spotify:user:","1970-01-01T00:00:00Z"
"spotify:track:2pYdAyZWwlvh8kJMmmgTwo","Roses for A Lady","spotify:artist:5867Gd29EVb1Rt1sYiuYEj","Albert Ket√®lbey","spotify:album:01TIz2hzP72eqGFkkBIIj3","Vintage: The Age of Elegance","spotify:artist:0LyfQWJT6nXafLPZqxe9Of","Various Artists","2016-10-07","https://i.scdn.co/image/ab67616d0000b273d9b5b520bc564acb605ce885","1","18","167426","https://p.scdn.co/mp3-preview/3d6709f137b2e7579b48b0d387e69be92dcfb55f?cid=9950ac751e34487dbbe027c4fd7f8e99","false","13","QMGXA1418554","spotify:user:","1970-01-01T00:00:00Z"
"spotify:track:3odPXicQHHYl4MzvUO7foX","Shoo-Shoo Baby","spotify:artist:0qGFARKf4pfodYjZbj5N4v","Ella Mae Morse","spotify:album:3DQtOkvFUpgfHJLYJJe19V","Capitol Collectors Series","spotify:artist:0qGFARKf4pfodYjZbj5N4v","Ella Mae Morse","1992-01-01","https://i.scdn.co/image/ab67616d0000b27318c516f01f1a27ae7ab3dd12","1","5","197306","https://p.scdn.co/mp3-preview/e60d28224304d07b3cd478205a91091053cb613f?cid=9950ac751e34487dbbe027c4fd7f8e99","false","17","USCA29000907","spotify:user:","1970-01-01T00:00:00Z"
"spotify:track:1ZRD4Db4cdTkKtjvWBiGu6","Black Bottom","spotify:artist:0wTG2nxrXeOQrqP4UrmmrX","Hal Kemp And His Orchestra","spotify:album:1CgtKeGSoae4M2p890u46G","The Big Broadcast, Volume 5: Jazz and Popular Music of the 1920s and 1930s","spotify:artist:0LyfQWJT6nXafLPZqxe9Of","Various Artists","2009","https://i.scdn.co/image/ab67616d0000b273039fad4e769c49c074c0c4c8","1","26","109733","https://p.scdn.co/mp3-preview/628b72aa500d8d52b8b658c2848b09be8e26acd2?cid=9950ac751e34487dbbe027c4fd7f8e99","false","22","USV351311363","spotify:user:","1970-01-01T00:00:00Z"
"spotify:track:2meVqRfcdRw0WpjtTVGNLb","Calm as the Night","spotify:artist:4KdhIVQOLA1Dek3GsCokaK","John Kirby and His Orchestra","spotify:album:5DedCixQLygFcQy2B1gNVw","More 1940/1941 - The Biggest Little Band in the Land","spotify:artist:4KdhIVQOLA1Dek3GsCokaK","John Kirby and His Orchestra","2017-02-17","https://i.scdn.co/image/ab67616d0000b27358746b91d7dfd3a2ab46f6dc","1","11","121226","https://p.scdn.co/mp3-preview/f49c3cc3fd3753f8e1805a1c705a23065cf53b30?cid=9950ac751e34487dbbe027c4fd7f8e99","false","6","USC9R1712511","spotify:user:","1970-01-01T00:00:00Z"
"spotify:track:1E01z2WvFHi6rAwmPZTpOC","Me and My Shadow","spotify:artist:6Oy6CBBmRmWqBKSXKsjcNX","Scrappy Lambert","spotify:album:7GMWH1xUeCjCfb6P2nWL7f","The Big Broadcast, Volume 1: Jazz and Popular Music of the 1920s and 1930s","spotify:artist:0LyfQWJT6nXafLPZqxe9Of","Various Artists","2005","https://i.scdn.co/image/ab67616d0000b2734ebc634c4ac63e7b22dd3141","1","4","138666","https://p.scdn.co/mp3-preview/8f3af60258c3b49b09a514f0fdb9d5dff7826b55?cid=9950ac751e34487dbbe027c4fd7f8e99","false","7","USDYP1200471","spotify:user:","1970-01-01T00:00:00Z"
"spotify:track:3bL4qPB1i3hkW8cW3oSGXN","On the Isle of May","spotify:artist:037LqLNDfDvFupasyqgreK","Glen Gray & The Casa Loma Orchestra","spotify:album:2tAx2Hb7t53JfePtp4oStJ","Live in Cedar Grove, NJ","spotify:artist:037LqLNDfDvFupasyqgreK","Glen Gray & The Casa Loma Orchestra","2021-04-30","https://i.scdn.co/image/ab67616d0000b273d4f347ec35c63c4dcfcab863","1","7","186720","https://p.scdn.co/mp3-preview/13a0b6791fbdac81af31cadf3cf4d6e798ac75f6?cid=9950ac751e34487dbbe027c4fd7f8e99","false","11","NLHR52102424","spotify:user:","1970-01-01T00:00:00Z"
"spotify:track:2qFqAmhOKhwZurx7VJriR4","Crazy Words - Crazy Tune (Vo-Do-De-O)","spotify:artist:0wu8tyvMCOGjBM72P3zd9w","Irving Aaronson and His Commanders","spotify:album:2Zigm3Eq6THFWI12aowawx","Let's Misbehave: 1926-1928","spotify:artist:0wu8tyvMCOGjBM72P3zd9w","Irving Aaronson and His Commanders","2011","https://i.scdn.co/image/ab67616d0000b273a063b235c1ca9ddf5ad0ace4","1","22","170973","https://p.scdn.co/mp3-preview/943ff4dfc6d0b98a9c973644d252901f61cbafc0?cid=9950ac751e34487dbbe027c4fd7f8e99","false","15","USV351326114","spotify:user:","1970-01-01T00:00:00Z"
"spotify:track:4dImC3elovpNMHV1BCOhXJ","Clementine (From New Orleans)","spotify:artist:2bY3IduGK03YI2vZpE1vJG, spotify:artist:2RLpFsSPsiB1LKXcDVac4Q, spotify:artist:4YosItRGDjwvJjzMPzbwwQ","Glen Gray, Casa Loma Orchestra, Pee Wee Hunt","spotify:album:2Ghed2rw5J7LyuA0PdmTBc","Mostly 1939","spotify:artist:2bY3IduGK03YI2vZpE1vJG, spotify:artist:2RLpFsSPsiB1LKXcDVac4Q","Glen Gray, Casa Loma Orchestra","1990","https://i.scdn.co/image/ab67616d0000b273020bdfea143698472bd67de1","1","8","158106","https://p.scdn.co/mp3-preview/32e72c2a79d0e87dc7078b5c51081544b7ce4df8?cid=9950ac751e34487dbbe027c4fd7f8e99","false","12","USC9R9003608","spotify:user:","1970-01-01T00:00:00Z"
"spotify:track:5MjV6FFcjtAMTnbjDt4JFo","Ah, But is It Love","spotify:artist:5d1TErL619HO0t14nHxHuy, spotify:artist:7xxE4xHTegHta9eOmhiBMX","Adrian Rollini, Adrian Rollini's Orchestra","spotify:album:5XX3a3WJ5jJiet0VIJ3Ttc","Adrian Rollini 1929-1934","spotify:artist:5d1TErL619HO0t14nHxHuy","Adrian Rollini","2019-09-27","https://i.scdn.co/image/ab67616d0000b2738cbb9516ea10221e08fb1fa0","1","18","178173","https://p.scdn.co/mp3-preview/844cf1436463b8fa08614e9dc90f5939a74c1735?cid=9950ac751e34487dbbe027c4fd7f8e99","false","20","GBBMR1985018","spotify:user:","1970-01-01T00:00:00Z"
"spotify:track:6RZG5rvT7PBsrXEEhdbHwV","Igot2","spotify:artist:3ZObg8oIeeYgf8sTyKcvIw","Christopher X","spotify:album:6wcdZqZIrpKwAfB4vvw2RA","Igot2","spotify:artist:3ZObg8oIeeYgf8sTyKcvIw","Christopher X","2019-11-08","https://i.scdn.co/image/ab67616d0000b273f537c7427bc357236059d51a","1","1","111046","https://p.scdn.co/mp3-preview/6cee22e4be51608f7f5902d6342a96e01794eb55?cid=9950ac751e34487dbbe027c4fd7f8e99","false","13","QZHNA1957750","spotify:user:","1970-01-01T00:00:00Z"
"spotify:track:2OVy3RTFyAdoNkwZ6aexo1","A Ship Without a Sail","spotify:artist:1IRFfdGI95F5UTMST4udG3","Lee Wiley","spotify:album:7HuNr6dhCNdTfy1DIbAnjN","Lee Wiley Sings the Songs of Rodgers & Hart and Arlen","spotify:artist:1IRFfdGI95F5UTMST4udG3","Lee Wiley","1986","https://i.scdn.co/image/ab67616d0000b27368c72e73df993a4a54747e8b","1","5","207956","https://p.scdn.co/mp3-preview/05a8ab232aeecb09e88eec679e75ad9e331d9705?cid=9950ac751e34487dbbe027c4fd7f8e99","false","24","US1A18601005","spotify:user:","1970-01-01T00:00:00Z"
"spotify:track:76bD9cfvzFNigvRRsUdgSZ","Blue Room - Remastered","spotify:artist:037LqLNDfDvFupasyqgreK","Glen Gray & The Casa Loma Orchestra","spotify:album:1wHeKTc8WvlqGDV6N2kkRo","Casa Loma Ball","spotify:artist:037LqLNDfDvFupasyqgreK","Glen Gray & The Casa Loma Orchestra","2012-10-05","https://i.scdn.co/image/ab67616d0000b273b1bb43f1b06ccaa18828e6c7","1","12","180559","https://p.scdn.co/mp3-preview/98ed6e0b0aa5867aab3076b30eadbebd91654124?cid=9950ac751e34487dbbe027c4fd7f8e99","false","19","DEA371241413","spotify:user:","1970-01-01T00:00:00Z"
"spotify:track:5rGjNnaiLz6la4rIq66Hfv","An' Furthermore","spotify:artist:0wu8tyvMCOGjBM72P3zd9w","Irving Aaronson and His Commanders","spotify:album:2Zigm3Eq6THFWI12aowawx","Let's Misbehave: 1926-1928","spotify:artist:0wu8tyvMCOGjBM72P3zd9w","Irving Aaronson and His Commanders","2011","https://i.scdn.co/image/ab67616d0000b273a063b235c1ca9ddf5ad0ace4","1","24","179586","https://p.scdn.co/mp3-preview/cacffa2d1f7831aac24719fb94b21d3cdf452f57?cid=9950ac751e34487dbbe027c4fd7f8e99","false","14","USV351326116","spotify:user:","1970-01-01T00:00:00Z"
"spotify:track:65CKVmuJG24sxPpbuYNh8A","Limehouse Blues","spotify:artist:0wTG2nxrXeOQrqP4UrmmrX","Hal Kemp And His Orchestra","spotify:album:1CgtKeGSoae4M2p890u46G","The Big Broadcast, Volume 5: Jazz and Popular Music of the 1920s and 1930s","spotify:artist:0LyfQWJT6nXafLPZqxe9Of","Various Artists","2009","https://i.scdn.co/image/ab67616d0000b273039fad4e769c49c074c0c4c8","1","25","137493","https://p.scdn.co/mp3-preview/58b2a90d622a8316828874f5c8d80aa92f9652fd?cid=9950ac751e34487dbbe027c4fd7f8e99","false","13","USV351311362","spotify:user:","1970-01-01T00:00:00Z"
"spotify:track:0SG1N1HBKB3ITgpStOELJQ","The Cassions Go Rolling Along (Artillery Song) (with Johnny Desmond)","spotify:artist:30Jm03gEdiLubWShsngcvT, spotify:artist:7ifXcPSaY1sKx6jfcLyk7c","Gene Krupa & His Orchestra, Johnny Desmond","spotify:album:5Wpe3PzG7YTwQAPXIoe89f","The Complete Early Sides","spotify:artist:7ifXcPSaY1sKx6jfcLyk7c","Johnny Desmond","2002-10-08","https://i.scdn.co/image/ab67616d0000b2730a98152422ef07f4edb057e6","1","11","132133","https://p.scdn.co/mp3-preview/271461f4b8995856fcb46235ee879d113c9ba125?cid=9950ac751e34487dbbe027c4fd7f8e99","false","15","USSM11914163","spotify:user:","1970-01-01T00:00:00Z"
"spotify:track:2YIWbp45LbCno7LmRUjH8Z","Heartaches - Remastered","spotify:artist:0n4QgzHQANi25NTKG3jOo3","Ted Weems","spotify:album:5HNGPME3vMbUwKrV0gXqdg","Golden Selection (Remastered)","spotify:artist:0n4QgzHQANi25NTKG3jOo3","Ted Weems","2020-09-18","https://i.scdn.co/image/ab67616d0000b2737b4d8ba09ac3f8418cfb86e6","1","22","157106","https://p.scdn.co/mp3-preview/95abb3a367983c828d343ab7ff6287bba2c18bb1?cid=9950ac751e34487dbbe027c4fd7f8e99","false","21","DEXO32026763","spotify:user:","1970-01-01T00:00:00Z"
"spotify:track:5dTi6XvzjBbljm9EYUSZwr","Mama Don't Want No Peas An' Rice An' Coconut Oil","spotify:artist:1aRfrxYgKaPzcKO3Eh8cgh","Cleo Brown","spotify:album:0TSrWJZt8MLougd8ZGQMcC","Here Comes Cleo","spotify:artist:1aRfrxYgKaPzcKO3Eh8cgh","Cleo Brown","2005-12-13","https://i.scdn.co/image/ab67616d0000b273d81d182417e5d4ddbe272c17","1","9","158186","https://p.scdn.co/mp3-preview/59bca0685c90f36779f2fe0ae22db9aa4db240c5?cid=9950ac751e34487dbbe027c4fd7f8e99","false","10","GBAHC0100009","spotify:user:","1970-01-01T00:00:00Z"
"spotify:track:65asu5CGr9hSe8ppS3QCCU","My Jazz World","spotify:artist:3MyxQmroR4NWaLtk3QPwJt","Polidecto Correa","spotify:album:71ofgqSlbGBek4mdAYiXOh","My Jazz World","spotify:artist:3MyxQmroR4NWaLtk3QPwJt","Polidecto Correa","2022-04-01","https://i.scdn.co/image/ab67616d0000b273e9dfe1d19a448bbdb3dbb8b7","1","1","153786","https://p.scdn.co/mp3-preview/0c7762bdcdd11a55a375f766f1b11f4800cf6088?cid=9950ac751e34487dbbe027c4fd7f8e99","false","15","uscgj2270718","spotify:user:","1970-01-01T00:00:00Z"
"spotify:track:1kQnFwpKQBkNGg4Kpr44hU","Hard-to-Get Gertie","spotify:artist:0wu8tyvMCOGjBM72P3zd9w","Irving Aaronson and His Commanders","spotify:album:0r5KUVWM3iROCZRytUzcWp","The Naughty 1920s: Red Hot & Risque Songs of the Jazz Age, Vol. 2","spotify:artist:0LyfQWJT6nXafLPZqxe9Of","Various Artists","2012-06-27","https://i.scdn.co/image/ab67616d0000b273dcf7f58016ed29f518a447ab","1","9","161973","https://p.scdn.co/mp3-preview/04b5368f261f911ef97000b98850a515c4b85f5e?cid=9950ac751e34487dbbe027c4fd7f8e99","false","14","USM2U0804399","spotify:user:","1970-01-01T00:00:00Z"
"spotify:track:4cZj9D15h9DYza3iSKgUZO","Never Swat A Fly","spotify:artist:5I3S4y3G5KQ6M5DUqxM3wD","McKinney's Cotton Pickers","spotify:album:7gauZEJgJ2U3z5JtfeW9ah","Silly Creature Songs","spotify:artist:0LyfQWJT6nXafLPZqxe9Of","Various Artists","2013-02-05","https://i.scdn.co/image/ab67616d0000b273c401ac31edb0540c49ac2379","1","15","181133","https://p.scdn.co/mp3-preview/8714f0d2280490ca6bd72f3276dbefd1ac37bfb2?cid=9950ac751e34487dbbe027c4fd7f8e99","false","21","USSM11300190","spotify:user:","1970-01-01T00:00:00Z"
"spotify:track:4Q3xetEDjBuDEwEROatvYF","Shadow Waltz","spotify:artist:0rEBOEWe1XZ9M1tKAOjvbj","Rudy Vallee and His Connecticut Yankees","spotify:album:6PiZzTyHDSS6GlI2NGao1I","Old Man Harlem (1931 - 1933)","spotify:artist:0rEBOEWe1XZ9M1tKAOjvbj","Rudy Vallee and His Connecticut Yankees","2012","https://i.scdn.co/image/ab67616d0000b273072f534eba92564e61b40ffe","1","13","195026","https://p.scdn.co/mp3-preview/6ec968710e7caa411fa591b459e4ae116762bcd5?cid=9950ac751e34487dbbe027c4fd7f8e99","false","31","DEBL61298726","spotify:user:","1970-01-01T00:00:00Z"
"spotify:track:307e1cGO4zt6R8hAcirclT","Hands Across the Table","spotify:artist:3zxTPKAnV4CgfZMfuah8Ic","Henry Hall & The BBC Dance Orchestra","spotify:album:29Y9Ghm6WvN82FYI4VJzOD","Pennies from Heaven - Original Soundtrack to the BBC Tv Series","spotify:artist:0LyfQWJT6nXafLPZqxe9Of","Various Artists","2013-10-01","https://i.scdn.co/image/ab67616d0000b273cb859eae659415a03d6dd7b9","1","41","187466","https://p.scdn.co/mp3-preview/d8f85894444147c013d2e646ca6ac9f24cb6c9e1?cid=9950ac751e34487dbbe027c4fd7f8e99","false","14","QMDA61345793","spotify:user:","1970-01-01T00:00:00Z"
"spotify:track:3HiTrH5kaF7yJr8ibq11yY","Life Begins At Oxford Circus","spotify:artist:7unA1Br0p1C0Wjs5GlBFU6","Jack Hylton & His Orchestra","spotify:album:543qdceCGkamEucThBh1ST","Great British Bands / Jack Hylton & His Orchestra, Volume 2 / Recordings 1926 - 1939","spotify:artist:7unA1Br0p1C0Wjs5GlBFU6","Jack Hylton & His Orchestra","2007-10-01","https://i.scdn.co/image/ab67616d0000b27340af5df970f126a1a4c24703","1","1","143746","https://p.scdn.co/mp3-preview/b3a6586d556cd720891a7d585991bd68f2348ada?cid=9950ac751e34487dbbe027c4fd7f8e99","false","19","GRHR10965801","spotify:user:","1970-01-01T00:00:00Z"
"spotify:track:5KGKLFMXPcwEvz9LVuewh0","Dustin' the Donkey","spotify:artist:5d1TErL619HO0t14nHxHuy, spotify:artist:6uKJ0yzw5W37GS3JeM1R4S","Adrian Rollini, The Golden Gate Orchestra","spotify:album:1tsX8fnBR7uGLp6nCXBguo","Adrian Rollini and the Golden Gate Orchestra 1924-1927","spotify:artist:5d1TErL619HO0t14nHxHuy, spotify:artist:6uKJ0yzw5W37GS3JeM1R4S","Adrian Rollini, The Golden Gate Orchestra","2008-07-04","https://i.scdn.co/image/ab67616d0000b2737a2418fd20b35df5e19ef3a8","1","4","175600","https://p.scdn.co/mp3-preview/0fc517b394fa6de9333d88b6a946a94cad10ee65?cid=9950ac751e34487dbbe027c4fd7f8e99","false","14","NLA410810030","spotify:user:","1970-01-01T00:00:00Z"
